Workbook

Sheet Summary
A1: VotingController - STQAL test deliverables
A3: Test cases
A4: Technique | B4: Cases | C4: Pass | D4: Fail | E4: Blocked | F4: Not run | G4: Predicted Fail
A5: BVA | B5: =COUNTIF(TestCases!$C$4:$C$33,A5) -> 9 | C5: =COUNTIFS(TestCases!$C$4:$C$33,A5,TestCases!$M$4:$M$33,"Pass") -> 0 | D5: =COUNTIFS(TestCases!$C$4:$C$33,A5,TestCases!$M$4:$M$33,"Fail") -> 0 | E5: =COUNTIFS(TestCases!$C$4:$C$33,A5,TestCases!$M$4:$M$33,"Blocked") -> 0 | F5: =COUNTIFS(TestCases!$C$4:$C$33,A5,TestCases!$M$4:$M$33,"Not run") -> 9 | G5: =COUNTIFS(TestCases!$C$4:$C$33,A5,TestCases!$I$4:$I$33,"Fail") -> 0
A6: ECT | B6: =COUNTIF(TestCases!$C$4:$C$33,A6) -> 8 | C6: =COUNTIFS(TestCases!$C$4:$C$33,A6,TestCases!$M$4:$M$33,"Pass") -> 0 | D6: =COUNTIFS(TestCases!$C$4:$C$33,A6,TestCases!$M$4:$M$33,"Fail") -> 0 | E6: =COUNTIFS(TestCases!$C$4:$C$33,A6,TestCases!$M$4:$M$33,"Blocked") -> 0 | F6: =COUNTIFS(TestCases!$C$4:$C$33,A6,TestCases!$M$4:$M$33,"Not run") -> 8 | G6: =COUNTIFS(TestCases!$C$4:$C$33,A6,TestCases!$I$4:$I$33,"Fail") -> 0
A7: Basis path | B7: =COUNTIF(TestCases!$C$4:$C$33,A7) -> 13 | C7: =COUNTIFS(TestCases!$C$4:$C$33,A7,TestCases!$M$4:$M$33,"Pass") -> 0 | D7: =COUNTIFS(TestCases!$C$4:$C$33,A7,TestCases!$M$4:$M$33,"Fail") -> 0 | E7: =COUNTIFS(TestCases!$C$4:$C$33,A7,TestCases!$M$4:$M$33,"Blocked") -> 0 | F7: =COUNTIFS(TestCases!$C$4:$C$33,A7,TestCases!$M$4:$M$33,"Not run") -> 13 | G7: =COUNTIFS(TestCases!$C$4:$C$33,A7,TestCases!$I$4:$I$33,"Fail") -> 1
A8: Total | B8: =SUM(B5:B7) -> 30 | C8: =SUM(C5:C7) -> 0 | D8: =SUM(D5:D7) -> 0 | E8: =SUM(E5:E7) -> 0 | F8: =SUM(F5:F7) -> 30 | G8: =SUM(G5:G7) -> 1
A10: Defects by severity
A11: Severity | B11: Count
A12: Critical | B12: =COUNTIF(Defects!$C$4:$C$13,A12) -> 0
A13: High | B13: =COUNTIF(Defects!$C$4:$C$13,A13) -> 2
A14: Medium | B14: =COUNTIF(Defects!$C$4:$C$13,A14) -> 3
A15: Low | B15: =COUNTIF(Defects!$C$4:$C$13,A15) -> 5
A16: Total | B16: =SUM(B12:B15) -> 10
A18: Basis path coverage
A19: Functions analysed | B19: =COUNTA(BasisPath!A5:A9) -> 5
A20: Independent paths (sum of V(G)) | B20: =BasisPath!E10 -> 32
A21: Functions where paths listed = V(G) | B21: =COUNTIF(BasisPath!G5:G9,"OK") -> 5
A22: Paths with an automated test | B22: =COUNTIF(BasisPath!F13:F44,"Covered") -> 29
A23: Paths without a test (feasible) | B23: =COUNTIF(BasisPath!F13:F44,"No test") -> 0
A24: Infeasible paths (dead code / correlated decisions) | B24: =COUNTIF(BasisPath!F13:F44,"Infeasible") -> 3
A26: How to use
A27: 1. Run the 30 designed cases plus all other automated tests: dotnet test Tests/AmarTools.Voting.Tests.csproj --filter "FullyQualifiedName!~Selenium" (Selenium is not part of this deliverable).
A28: 2. Defect-confirming tests only: --filter "Category=Defect". Everything else: --filter "FullyQualifiedName!~Selenium&Category!=Defect". One technique: --filter "Technique=BVA" (or ECT, BasisPath).
A29: 3. BP-07 carries the trait Category=Defect (it is the evidence for DV-01), so it only runs in the defect run.
A30: 4. Fill the yellow cells on TestCases (Actual result, Status, Executed on/by) and the test-run table below. Summary counts update automatically.
A31: 5. 'Predicted result' is from reading the code, not from a run (no .NET SDK was available when this file was made). A predicted Fail that really fails is a confirmed defect: set Defects!L to Confirmed and M to Yes.
A32: 6. Decision-point counts on BasisPath (blue) are the author's reading of VotingController.cs; if the controller changes, update them and the path list.
A33: 7. V(G) of CastVote is 15 here (every if, && / || operand and catch is counted). The comment at the top of VotingControllerBasisPathTests.cs uses a coarser count of 12.
A35: Test runs (fill in after running)
A36: Run | B36: Total | C36: Passed | D36: Failed | E36: Skipped | F36: Evidence file
A37: Non-defect (Category!=Defect) | F37: nondefect-output.txt
A38: Defect (Category=Defect) | F38: defect-output.txt
A39: Combined | B39: =B37+B38 -> 0 | C39: =C37+C38 -> 0 | D39: =D37+D38 -> 0 | E39: =E37+E38 -> 0

Sheet TestCases
A1: VotingController - test case design and execution (30 cases)
A2: Yellow cells (Actual result, Status, Executed on, Executed by) are for you to fill in after running the tests. 'Predicted result' comes from reading the code.
A3: TC ID | B3: Function / module | C3: Technique | D3: Priority | E3: Preconditions | F3: Test data | G3: Steps | H3: Expected result | I3: Predicted result (code reading) | J3: Automated test | K3: Defect ID | L3: Actual result | M3: Status | N3: Executed on | O3: Executed by
A4: BVA-01 | B4: CastVote: voting window (VotingProgram.IsOpenAt) | C4: BVA | D4: High | E4: Published program; StartTime 2026-01-01 12:00 UTC, EndTime 13:00 UTC | F4: now = StartTime - 1 s | G4: Evaluate IsOpenAt(now) | H4: Closed (false): voting is not allowed before StartTime | I4: Pass | J4: VotingControllerBvaTests.BVA_01_to_05_IsOpenAt_ExactWindowBoundaries(-1,false) | M4: Not run
A5: BVA-02 | B5: CastVote: voting window (VotingProgram.IsOpenAt) | C5: BVA | D5: High | E5: Published program; StartTime 2026-01-01 12:00 UTC, EndTime 13:00 UTC | F5: now = StartTime exactly | G5: Evaluate IsOpenAt(now) | H5: Open (true): StartTime is inclusive | I5: Pass | J5: VotingControllerBvaTests.BVA_01_to_05_IsOpenAt_ExactWindowBoundaries(0,true) | M5: Not run
A6: BVA-03 | B6: CastVote: voting window (VotingProgram.IsOpenAt) | C6: BVA | D6: Medium | E6: Published program; StartTime 2026-01-01 12:00 UTC, EndTime 13:00 UTC | F6: now = EndTime - 1 s (StartTime + 3599 s) | G6: Evaluate IsOpenAt(now) | H6: Open (true) | I6: Pass | J6: VotingControllerBvaTests.BVA_01_to_05_IsOpenAt_ExactWindowBoundaries(3599,true) | M6: Not run
A7: BVA-04 | B7: CastVote: voting window (VotingProgram.IsOpenAt) | C7: BVA | D7: High | E7: Published program; StartTime 2026-01-01 12:00 UTC, EndTime 13:00 UTC | F7: now = EndTime exactly (StartTime + 3600 s) | G7: Evaluate IsOpenAt(now) | H7: Closed (false): EndTime is exclusive | I7: Pass | J7: VotingControllerBvaTests.BVA_01_to_05_IsOpenAt_ExactWindowBoundaries(3600,false) | M7: Not run
A8: BVA-05 | B8: CastVote: voting window (VotingProgram.IsOpenAt) | C8: BVA | D8: Medium | E8: Published program; StartTime 2026-01-01 12:00 UTC, EndTime 13:00 UTC | F8: now = EndTime + 1 s | G8: Evaluate IsOpenAt(now) | H8: Closed (false) | I8: Pass | J8: VotingControllerBvaTests.BVA_01_to_05_IsOpenAt_ExactWindowBoundaries(3601,false) | M8: Not run
A9: BVA-06 | B9: CastVote (POST) | C9: BVA | D9: High | E9: Signed in as voter-1, registered, not voted; published program | F9: StartTime = now + 10 s, EndTime = now + 3600 s; CastVote(1, 10) | G9: Call CastVote | H9: Redirect to Vote; TempData Error 'no longer active'; no Vote row | I9: Pass | J9: VotingControllerBvaTests.BVA_06_CastVote_VotingStartsInTenSeconds_IsRejected | M9: Not run
A10: BVA-07 | B10: CastVote (POST) | C10: BVA | D10: High | E10: Signed in as voter-1, registered, not voted; published program | F10: StartTime = now - 3600 s, EndTime = now + 10 s; CastVote(1, 10) | G10: Call CastVote | H10: Redirect to ThankYou; exactly one Vote row stored | I10: Pass | J10: VotingControllerBvaTests.BVA_07_CastVote_VotingEndsInTenSeconds_IsAccepted | M10: Not run
A11: BVA-08 | B11: CastVote (POST) | C11: BVA | D11: High | E11: Signed in as voter-1, registered, not voted; published program | F11: StartTime = now - 3600 s, EndTime = now - 1 s; CastVote(1, 10) | G11: Call CastVote | H11: Redirect to Vote; TempData Error 'no longer active'; no Vote row | I11: Pass | J11: VotingControllerBvaTests.BVA_08_CastVote_VotingEndedOneSecondAgo_IsRejected | M11: Not run
A12: BVA-09 | B12: CastVote (POST) | C12: BVA | D12: High | E12: Open program 1 with candidates 10 (Alice) and 11 (Bob); signed in as registered voter | F12: candidateId = 9, 10, 11, 12, 0, -1, int.MinValue, int.MaxValue | G12: Call CastVote(1, candidateId) once per value (fresh database each time) | H12: 10 and 11: ThankYou + one Vote row. All other values: Redirect to Vote, 'Invalid candidate selected.', no Vote row | I12: Pass | J12: VotingControllerBvaTests.BVA_09_CastVote_CandidateIdBoundaries (8 data rows) | M12: Not run
A13: ECT-01 | B13: CastVote (POST) | C13: ECT | D13: High | E13: Signed in but the principal has NO NameIdentifier claim; program 1 exists | F13: userId claim = missing (EC2) | G13: Call CastVote(1, 10) | H13: UnauthorizedResult (401) | I13: Pass | J13: VotingControllerEctTests.ECT_01_CastVote_NoNameIdentifierClaim_IsUnauthorized | M13: Not run
A14: ECT-02 | B14: CastVote (POST) | C14: ECT | D14: High | E14: Program 1 unpublished (window open); voter-1 registered | F14: IsPublished = false (EC4) | G14: Call CastVote(1, 10) | H14: Redirect to Vote; 'no longer active'; Votes table empty | I14: Pass | J14: VotingControllerEctTests.ECT_02_CastVote_UnpublishedProgram_IsRejected | M14: Not run
A15: ECT-03 | B15: CastVote (POST) | C15: ECT | D15: Medium | E15: Program 1 published but upcoming; voter-1 registered | F15: StartTime = now + 2 h, EndTime = now + 3 h (EC5) | G15: Call CastVote(1, 10) | H15: Redirect to Vote; 'no longer active'; Votes table empty | I15: Pass | J15: VotingControllerEctTests.ECT_03_CastVote_UpcomingProgram_IsRejected | M15: Not run
... A26: BP-06 | B26: Search (GET, JSON) | C26: Basis path | D26: Medium | E26: Any database | F26: q = ' ' (whitespace) | G26: Call Search(' ') | H26: JsonResult holding an empty array; no database query (path P1) | I26: Pass | J26: VotingControllerBasisPath_Search.BP_06_Search_BlankQuery_ReturnsEmptyArray | M26: Not run
A27: BP-07 | B27: Search (GET, JSON) | C27: Basis path | D27: High | E27: Published program 'Student Council Election' | F27: q = 'council' | G27: Call Search('council') | H27: JsonResult with exactly one matching program (path P2) | I27: Fail | J27: VotingControllerBasisPath_Search.BP_07_Search_ValidQuery_ReturnsMatchingProgram | K27: DV-01 | M27: Not run
A28: BP-08 | B28: Join (POST) | C28: Basis path | D28: High | E28: Published program that ended 60 s ago; signed in as voter-1 | F28: programId = 1 | G28: Call Join(1) | H28: Redirect to Vote; 'Registration is closed'; no Voter row (path P4) | I28: Pass | J28: VotingControllerBasisPath_Join.BP_08_Join_EndedProgram_RegistrationClosed | M28: Not run
A29: BP-09 | B29: Join (POST) | C29: Basis path | D29: High | E29: Open published program; user 'Student One' (student@example.com) exists; not yet registered | F29: programId = 1 | G29: Call Join(1) | H29: Redirect to Vote; one Voter row (Name 'Student One', Email, UserId 'voter-1', source 'self'); Success message set (path P6) | I29: Pass | J29: VotingControllerBasisPath_Join.BP_09_Join_ValidUser_CreatesSelfRegisteredVoter | M29: Not run
A30: BP-10 | B30: Join (POST) | C30: Basis path | D30: Medium | E30: Open published program; voter-1 already registered | F30: programId = 1 | G30: Call Join(1) | H30: Error 'already registered'; still exactly one Voter row (path P5) | I30: Pass | J30: VotingControllerBasisPath_Join.BP_10_Join_AlreadyRegistered_IsRejectedWithoutDuplicate | M30: Not run
A31: BP-11 | B31: CastVote (POST) | C31: Basis path | D31: High | E31: Empty database; signed in as voter-1 | F31: CastVote(404, 10) | G31: Call CastVote | H31: NotFoundResult (path P2) | I31: Pass | J31: VotingControllerBasisPath_CastVote.BP_11_CastVote_ProgramMissing_IsNotFound | M31: Not run
A32: BP-12 | B32: CastVote (POST) | C32: Basis path | D32: High | E32: Open program; voter-1 registered; queue mock accepts (TryEnqueue = true) | F32: CastVote(1, 10) | G32: Call CastVote | H32: Redirect to ThankYou; no Warning; Success 'recorded successfully'; ProgramName 'Test Program 1', ProgramId 1; TryEnqueue called once (path P7) | I32: Pass | J32: VotingControllerBasisPath_CastVote.BP_12_CastVote_Success_BlockQueued_NoWarning | M32: Not run
A33: BP-13 | B33: CastVote (POST) | C33: Basis path | D33: Medium | E33: Open program; voter-1 registered; queue mock rejects (TryEnqueue = false) | F33: CastVote(1, 10) | G33: Call CastVote | H33: Redirect to ThankYou; Warning mentions the blockchain block; the Vote row is kept (path P8) | I33: Pass | J33: VotingControllerBasisPath_CastVote.BP_13_CastVote_Success_QueueFull_ShowsWarning | M33: Not run

Sheet BVA
A1: Boundary Value Analysis - CastVote (one module)
A2: Seven-point values (min-1, min, min+1, nominal, max-1, max, max+1) for the two bounded inputs of CastVote: the voting window and candidateId.
A4: Input | B4: Function | C4: Constraint (source) | D4: Below min | E4: Min | F4: Min+1 | G4: Nominal | H4: Max-1 | I4: Max | J4: Above max | K4: Expected behaviour | L4: Test cases
A5: Voting window: seconds from StartTime (rule level) | B5: VotingProgram.IsOpenAt (used by Vote and CastVote) | C5: 0 <= offset < 3600 (StartTime inclusive, EndTime exclusive) | D5: -1 | E5: 0 | F5: 1 | G5: 1800 | H5: 3598 | I5: 3599 | J5: 3600 (also 3601) | K5: <0 or >=3600 closed; 0..3599 open | L5: BVA-01..05
A6: Seconds until StartTime (controller level) | B6: CastVote | C6: Must be <= 0 (voting has started) | D6: - | E6: - | F6: - | G6: -3600 (open) | H6: - | I6: 0 (clock cannot be frozen) | J6: +10 | K6: Starts in 10 s: rejected, 'no longer active' | L6: BVA-06
A7: Seconds until EndTime (controller level) | B7: CastVote | C7: Must be > 0 (voting has not ended) | D7: -1 | E7: 0 (clock cannot be frozen) | F7: +10 | G7: +3600 | H7: - | I7: - | J7: - | K7: Ended 1 s ago: rejected. Ends in 10 s: accepted | L7: BVA-07, BVA-08
A8: candidateId (program 1 has candidates 10 and 11) | B8: CastVote | C8: Must be one of the program's candidate ids {10, 11} | D8: 9 | E8: 10 | F8: 11 | G8: - | H8: 10 | I8: 11 | J8: 12 (also 0, -1, int.MinValue, int.MaxValue) | K8: Only 10 and 11 accepted; all others 'Invalid candidate selected.' | L8: BVA-09
A10: Also checked outside the 30 cases: Extra_Vote_PageIsClosedWhenVotingEndedOneSecondAgo (the Vote page uses the same boundary).

Sheet ECT
A1: Equivalence Class Testing - CastVote
A2: One representative value per class. EC1-EC11 are the classes of the eight designed cases; the rows below them are classes of the other four actions (covered by BP cases and extra tests).
A3: Input | B3: Class | C3: Description | D3: Valid / invalid | E3: Representative value | F3: Expected | G3: Test cases
A4: Caller identity | B4: EC1 | C4: Signed in WITH a NameIdentifier claim | D4: Valid | E4: voter-1 | F4: Processing continues | G4: ECT-02..ECT-08
A5: Caller identity | B5: EC2 | C5: Signed in WITHOUT a NameIdentifier claim | D5: Invalid | E5: claim missing | F5: 401 Unauthorized | G5: ECT-01
A6: Program state | B6: EC3 | C6: Published and inside its window | D6: Valid | E6: published, start -1 h, end +1 h | F6: Processing continues | G6: ECT-08
A7: Program state | B7: EC4 | C7: Unpublished | D7: Invalid | E7: IsPublished = false | F7: Rejected, 'no longer active' | G7: ECT-02
A8: Program state | B8: EC5 | C8: Upcoming | D8: Invalid | E8: start +2 h, end +3 h | F8: Rejected, 'no longer active' | G8: ECT-03
A9: Program state | B9: EC6 | C9: Ended | D9: Invalid | E9: start -3 h, end -2 h | F9: Rejected, 'no longer active' | G9: ECT-04
A10: Voter state | B10: EC7 | C10: Registered, has not voted | D10: Valid | E10: HasVoted = false | F10: Processing continues | G10: ECT-08
A11: Voter state | B11: EC8 | C11: Not registered in the program | D11: Invalid | E11: no Voter row | F11: Rejected, 'not registered' | G11: ECT-05
A12: Voter state | B12: EC9 | C12: Already voted | D12: Invalid | E12: HasVoted = true | F12: Rejected, 'already cast' | G12: ECT-06
A13: candidateId | B13: EC10 | C13: Candidate of this program | D13: Valid | E13: 10 | F13: Vote recorded, redirect to ThankYou | G13: ECT-08
A14: candidateId | B14: EC11 | C14: Candidate of ANOTHER program | D14: Invalid | E14: 20 (program 2) | F14: Rejected, 'Invalid candidate' | G14: ECT-07
... A23: Visitor (Vote page) | B23: EC20 | C23: Signed in: registered / not registered | D23: Valid for viewing | E23: voter-1 with / without Voter row | F23: IsRegisteredVoter = true / false | G23: Extra_Vote_RegisteredFlagFollowsVoterRegistration

Sheet BasisPath
A1: Basis path testing - 5 actions of VotingController
A2: V(G) = decision points + 1. A decision point is each if, each && / || operand, ternary and catch. 'Paths listed' must equal V(G). Flow graphs and node numbers are in VotingController_BasisPath.xlsx.
A4: Function | B4: Source lines | C4: Decision predicates | D4: Decision points | E4: V(G) | F4: Paths listed | G4: Check
A5: Vote (GET) | B5: 25-58 | C5: program == null; !program.IsOpenAt(now); program.EndTime > now (ternary); User.Identity?.IsAuthenticated == true | D5: 4 | E5: =D5+1 -> 5 | F5: =COUNTIF($A$13:$A$44,A5) -> 5 | G5: =IF(E5=F5,"OK","CHECK") -> OK
A6: PublicResults (GET) | B6: 62-78 | C6: program == null; !program.IsPublished | D6: 2 | E6: =D6+1 -> 3 | F6: =COUNTIF($A$13:$A$44,A6) -> 3 | G6: =IF(E6=F6,"OK","CHECK") -> OK
A7: Search (GET, JSON) | B7: 84-109 | C7: string.IsNullOrWhiteSpace(q) | D7: 1 | E7: =D7+1 -> 2 | F7: =COUNTIF($A$13:$A$44,A7) -> 2 | G7: =IF(E7=F7,"OK","CHECK") -> OK
A8: Join (POST) | B8: 117-166 | C8: string.IsNullOrEmpty(userId); program == null; !program.IsPublished; now >= program.EndTime; exists; catch DbUpdateException | D8: 6 | E8: =D8+1 -> 7 | F8: =COUNTIF($A$13:$A$44,A8) -> 7 | G8: =IF(E8=F8,"OK","CHECK") -> OK
A9: CastVote (POST) | B9: 174-276 | C9: IsNullOrEmpty(userId); program == null; !IsOpenAt; voter == null; voter.HasVoted; candidate == null; catch DbUpdateException; catch Exception; !queued; inner is PostgresException; SqlState == '23505'; empty catch {}; uniqueViolation; message contains 'unique constraint' | D9: 14 | E9: =D9+1 -> 15 | F9: =COUNTIF($A$13:$A$44,A9) -> 15 | G9: =IF(E9=F9,"OK","CHECK") -> OK
A10: Total | D10: =SUM(D5:D9) -> 27 | E10: =SUM(E5:E9) -> 32 | F10: =SUM(F5:F9) -> 32
A12: Function | B12: Path | C12: Condition path | D12: Expected outcome | E12: Test case(s) | F12: Coverage | G12: Predicted result
A13: Vote (GET) | B13: P1 | C13: program not found | D13: NotFoundResult (404) | E13: BP-01 | F13: Covered | G13: Pass
A14: Vote (GET) | B14: P2 | C14: program exists but is not open (draft / upcoming / ended) | D14: View 'Closed' with the 'not currently active' message | E14: BP-02 | F14: Covered | G14: Pass
A15: Vote (GET) | B15: P3 | C15: open program; anonymous visitor | D15: View(program); IsRegisteredVoter = false; RemainingTime > 0 | E15: BP-03 | F15: Covered | G15: Pass
A16: Vote (GET) | B16: P4 | C16: open program; signed-in user | D16: View(program); IsRegisteredVoter taken from the Voters table | E16: P4_Vote_OpenProgram_SignedInRegisteredVoter_IsRegistered | F16: Covered | G16: Pass
A17: Vote (GET) | B17: P5 | C17: open program but EndTime <= now (ternary false branch) | D17: RemainingTime = null | E17: - | F17: Infeasible | G17: n/a
A18: PublicResults (GET) | B18: P1 | C18: program not found | D18: NotFoundResult | E18: BP-04 | F18: Covered | G18: Pass
A19: PublicResults (GET) | B19: P2 | C19: program exists but is unpublished (draft) | D19: NotFoundResult (drafts are hidden) | E19: P2_PublicResults_UnpublishedProgram_IsNotFound | F19: Covered | G19: Pass
A20: PublicResults (GET) | B20: P3 | C20: published program | D20: View 'PublicResults'; TotalVotes = sum of counts; BlockchainValid set | E20: BP-05 | F20: Covered | G20: Pass
A21: Search (GET, JSON) | B21: P1 | C21: q is null / empty / whitespace | D21: Json([]) (no database access) | E21: BP-06 | F21: Covered | G21: Pass
A22: Search (GET, JSON) | B22: P2 | C22: q has text | D22: Json(list with the matching published programs, max 8) | E22: BP-07 | F22: Covered | G22: Fail
A23: Join (POST) | B23: P1 | C23: no NameIdentifier claim | D23: UnauthorizedResult | E23: P1_Join_NoUserId_IsUnauthorized | F23: Covered | G23: Pass
... A44: CastVote (POST) | B44: P15 | C44: uniqueViolation was set to true but is later read as false | D44: Generic error | E44: - | F44: Infeasible | G44: n/a

Sheet Defects
A1: Defects found by code reading (to be confirmed by the test run)
A3: Defect ID | B3: Title | C3: Severity | D3: Priority | E3: Location | F3: Preconditions | G3: Steps to reproduce | H3: Expected result | I3: Actual result (from code reading) | J3: Test / evidence | K3: Suggested fix | L3: Status | M3: Confirmed by test run?
A4: DV-01 | B4: Search always fails for a non-blank query (HTTP 500) | C4: High | D4: P1 | E4: VotingController.Search, line 95 | F4: Any published program; q = 'a' | G4: 1) GET /Voting/Search?q=a | H4: JSON list of matching published programs | I4: OrderByDescending(p => p.IsActive) sorts by a [NotMapped] computed property; EF Core cannot translate it to SQL and throws InvalidOperationException. | J4: VotingControllerBasisPath_Search.BP_07_Search_ValidQuery_ReturnsMatchingProgram (BP-07) | K4: Order by an expression EF can translate, e.g. p.IsPublished && p.StartTime <= now && now < p.EndTime, or order by StartTime only. | L4: Open (predicted) | M4: Not run
A5: DV-02 | B5: Draft program is disclosed through /Voting/Vote/{id} | C5: Medium | D5: P2 | E5: VotingController.Vote, lines 27-40 | F5: Program exists, IsPublished = false; anonymous visitor | G5: 1) GET /Voting/Vote/{id} of a draft | H5: 404, the same as PublicResults for drafts | I5: Vote only checks null; an unpublished program fails IsOpenAt and is rendered in the 'Closed' view with its data. | J5: VotingControllerDefectTests.DV02_Vote_UnpublishedProgram_ShouldNotBeDisclosed | K5: Use: if (program == null || !program.IsPublished) return NotFound(); | L5: Open (predicted) | M5: Not run
A6: DV-03 | B6: Voter with an empty FullName is stored with a blank name | C6: Low | D6: P3 | E6: VotingController.Join, line 145 | F6: User with FullName = '' (the default) and a UserName | G6: 1) Join(programId) | H6: Name falls back to the UserName | I6: '' is not null, so '??' never reaches UserName; the Voter row gets Name = ''. | J6: VotingControllerDefectTests.DV03_Join_UserWithEmptyFullName_ShouldFallBackToUserName | K6: Use string.IsNullOrWhiteSpace(user?.FullName) ? user?.UserName ?? 'Anonymous Voter' : user.FullName.Trim(). | L6: Open (predicted) | M6: Not run
A7: DV-04 | B7: Principal without a user id is shown as a registered voter | C7: Low | D7: P3 | E7: VotingController.Vote, lines 46-50 | F7: Authenticated principal with no NameIdentifier claim; owner-registered voter with UserId = NULL | G7: 1) GET Vote for the program | H7: IsRegisteredVoter = false | I7: v.UserId == userId with userId = null becomes 'UserId IS NULL' and matches every owner-registered voter that has no account. | J7: VotingControllerDefectTests.DV04_Vote_PrincipalWithoutUserId_ShouldNotMatchOwnerRegisteredVoters | K7: Skip the query (IsRegisteredVoter = false) when userId is null or empty. | L7: Open (predicted) | M7: Not run
A8: DV-05 | B8: User-Agent is stored without length limit (column is 512) | C8: Medium | D8: P2 | E8: VotingController.CastVote, line 224 | F8: Registered voter; User-Agent header of 600 characters | G8: 1) POST CastVote with a long User-Agent | H8: UserAgent truncated to 512 characters; the vote is accepted | I8: The raw header is stored; PostgreSQL rejects a value longer than varchar(512), so the voter gets the generic error and cannot vote. | J8: VotingControllerDefectTests.DV05_CastVote_VeryLongUserAgent_ShouldBeLimitedTo512Characters | K8: Truncate: ua.Length > 512 ? ua[..512] : ua. | L8: Open (predicted) | M8: Not run
A9: DV-06 | B9: PublicResults crashes if the blockchain check throws | C9: Medium | D9: P2 | E9: VotingController.PublicResults, line 75 | F9: IsChainValidForProgramAsync throws (database unavailable) | G9: 1) GET PublicResults/{id} | H9: Results are shown with 'chain could not be verified' | I9: The exception is not handled; the whole page returns HTTP 500. | J9: VotingControllerDefectTests.DV06_PublicResults_BlockchainCheckThrows_ShouldStillShowResults | K9: Wrap the call in try/catch and set ViewBag.BlockchainValid = null (unknown). | L9: Open (predicted) | M9: Not run
A10: DV-07 | B10: A voter who already voted is still offered the ballot | C10: Low | D10: P3 | E10: VotingController.Vote, lines 46-51 | F10: Registered voter with HasVoted = true | G10: 1) GET Vote for the program | H10: Page tells the voter the vote is recorded; no vote buttons | I10: The page only receives IsRegisteredVoter; no HasVoted flag exists, so enabled Vote buttons are shown and the server rejects the click later. | J10: VotingControllerDefectTests.DV07_Vote_VoterWhoAlreadyVoted_ShouldNotBeOfferedTheBallot | K10: Load the voter row and set ViewBag.HasVoted; hide the buttons in Vote.cshtml. | L10: Open (predicted) | M10: Not run
A11: DV-08 | B11: Any signed-in user can make themselves an eligible voter | C11: High | D11: P1 | E11: VotingController.Join, lines 117-166 | F11: Published program; any authenticated account | G11: 1) POST /Voting/Join with a program id | H11: Only the program owner can register voters (as the page text says), or the text is corrected | I11: Join registers the caller without owner approval, bypassing the owner's voter list. Needs a product decision: remove Join or change the page text (same finding as D16 of the ProgramOwner report). | J11: VotingControllerDefectTests.DV08_Join_ArbitrarySignedInUser_ShouldNotBecomeAnEligibleVoter | K11: Remove Join, or add an owner-controlled 'open registration' setting per program. | L11: Open (predicted) | M11: Not run
A12: DV-09 | B12: /Voting/ThankYou confirms a vote that was never cast | C12: Low | D12: P3 | E12: VotingController.ThankYou, line 278 | F12: None (anonymous visitor) | G12: 1) GET /Voting/ThankYou directly | H12: No confirmation without a vote just cast | I12: ThankYou() returns the view for anybody. | J12: VotingControllerDefectTests.DV09_ThankYou_WithoutARecentVote_ShouldNotConfirmAVote | K12: Show the view only when TempData['Success'] is present; otherwise redirect. | L12: Open (predicted) | M12: Not run
A13: DV-10 | B13: No retry when the SERIALIZABLE transaction fails (SQLSTATE 40001) | C13: Low | D13: P3 | E13: VotingController.CastVote, lines 211-275 | F13: Two concurrent votes under contention | G13: 1) Two requests commit at the same time | H13: The failed request is retried and the vote succeeds | I13: 40001 is treated as a generic failure; the voter sees 'An error occurred' although a retry would succeed. | J13: VotingControllerNpgsqlTests.P13_CastVote_PostgresSerializationFailure_ShowsGenericError (documents the current behaviour, so it passes) | K13: Retry the transaction 2-3 times on SqlState 40001. | L13: Observation | M13: Not run
