Workbook

Sheet Summary
A1: Basis path testing: VotingController (5 of 7 actions: Vote, PublicResults, Search, Join, CastVote)
A2: V(G) = number of decision nodes + 1, cross-checked with V(G) = E - N + 2 on the flow graph. Node numbers match the diagrams and the Node Legend.
A4: Diagram | B4: Action | C4: Source lines | D4: Decision nodes (P) | E4: V(G) = P + 1 | F4: Edges (E) | G4: Nodes (N, incl. End) | H4: V(G) = E - N + 2 | I4: Check | J4: Paths listed | K4: Covered | L4: No test | M4: Infeasible | N4: Predicted fail
A5: 1 | B5: Vote (GET) | C5: 25-58 | D5: 4 | E5: =D5+1 -> 5 | F5: 18 | G5: 15 | H5: =F5-G5+2 -> 5 | I5: =IF(E5=H5,"OK","CHECK") -> OK | J5: =COUNTIF('Diagram 1 Paths'!A:A,B5) -> 5 | K5: =COUNTIFS('Diagram 1 Paths'!A:A,B5,'Diagram 1 Paths'!G:G,"Covered") -> 4 | L5: =COUNTIFS('Diagram 1 Paths'!A:A,B5,'Diagram 1 Paths'!G:G,"No test") -> 0 | M5: =COUNTIFS('Diagram 1 Paths'!A:A,B5,'Diagram 1 Paths'!G:G,"Infeasible") -> 1 | N5: =COUNTIFS('Diagram 1 Paths'!A:A,B5,'Diagram 1 Paths'!H:H,"Fail") -> 0
A6: 1 | B6: PublicResults (GET) | C6: 62-78 | D6: 2 | E6: =D6+1 -> 3 | F6: 9 | G6: 8 | H6: =F6-G6+2 -> 3 | I6: =IF(E6=H6,"OK","CHECK") -> OK | J6: =COUNTIF('Diagram 1 Paths'!A:A,B6) -> 3 | K6: =COUNTIFS('Diagram 1 Paths'!A:A,B6,'Diagram 1 Paths'!G:G,"Covered") -> 3 | L6: =COUNTIFS('Diagram 1 Paths'!A:A,B6,'Diagram 1 Paths'!G:G,"No test") -> 0 | M6: =COUNTIFS('Diagram 1 Paths'!A:A,B6,'Diagram 1 Paths'!G:G,"Infeasible") -> 0 | N6: =COUNTIFS('Diagram 1 Paths'!A:A,B6,'Diagram 1 Paths'!H:H,"Fail") -> 0
A7: 1 | B7: Search (GET, JSON) | C7: 84-109 | D7: 1 | E7: =D7+1 -> 2 | F7: 6 | G7: 6 | H7: =F7-G7+2 -> 2 | I7: =IF(E7=H7,"OK","CHECK") -> OK | J7: =COUNTIF('Diagram 1 Paths'!A:A,B7) -> 2 | K7: =COUNTIFS('Diagram 1 Paths'!A:A,B7,'Diagram 1 Paths'!G:G,"Covered") -> 2 | L7: =COUNTIFS('Diagram 1 Paths'!A:A,B7,'Diagram 1 Paths'!G:G,"No test") -> 0 | M7: =COUNTIFS('Diagram 1 Paths'!A:A,B7,'Diagram 1 Paths'!G:G,"Infeasible") -> 0 | N7: =COUNTIFS('Diagram 1 Paths'!A:A,B7,'Diagram 1 Paths'!H:H,"Fail") -> 1
A8: 1 | B8: Join (POST) | C8: 117-166 | D8: 6 | E8: =D8+1 -> 7 | F8: 24 | G8: 19 | H8: =F8-G8+2 -> 7 | I8: =IF(E8=H8,"OK","CHECK") -> OK | J8: =COUNTIF('Diagram 1 Paths'!A:A,B8) -> 7 | K8: =COUNTIFS('Diagram 1 Paths'!A:A,B8,'Diagram 1 Paths'!G:G,"Covered") -> 7 | L8: =COUNTIFS('Diagram 1 Paths'!A:A,B8,'Diagram 1 Paths'!G:G,"No test") -> 0 | M8: =COUNTIFS('Diagram 1 Paths'!A:A,B8,'Diagram 1 Paths'!G:G,"Infeasible") -> 0 | N8: =COUNTIFS('Diagram 1 Paths'!A:A,B8,'Diagram 1 Paths'!H:H,"Fail") -> 0
A9: 2 | B9: CastVote (POST) | C9: 174-276 | D9: 14 | E9: =D9+1 -> 15 | F9: 49 | G9: 36 | H9: =F9-G9+2 -> 15 | I9: =IF(E9=H9,"OK","CHECK") -> OK | J9: =COUNTIF('Diagram 2 Paths'!A:A,B9) -> 15 | K9: =COUNTIFS('Diagram 2 Paths'!A:A,B9,'Diagram 2 Paths'!G:G,"Covered") -> 13 | L9: =COUNTIFS('Diagram 2 Paths'!A:A,B9,'Diagram 2 Paths'!G:G,"No test") -> 0 | M9: =COUNTIFS('Diagram 2 Paths'!A:A,B9,'Diagram 2 Paths'!G:G,"Infeasible") -> 2 | N9: =COUNTIFS('Diagram 2 Paths'!A:A,B9,'Diagram 2 Paths'!H:H,"Fail") -> 0
B10: Total | D10: =SUM(D5:D9) -> 27 | E10: =SUM(E5:E9) -> 32 | F10: =SUM(F5:F9) -> 106 | G10: =SUM(G5:G9) -> 84 | H10: =SUM(H5:H9) -> 32 | J10: =SUM(J5:J9) -> 32 | K10: =SUM(K5:K9) -> 29 | L10: =SUM(L5:L9) -> 0 | M10: =SUM(M5:M9) -> 3 | N10: =SUM(N5:N9) -> 1
A12: Counting rule (same as the ProgramOwner workbook): every if, every && / || operand, every ternary and every catch is one decision node.
A13: Blue numbers are read from the flow graphs (decision nodes, edges, nodes incl. End). Both V(G) formulas must agree; Check shows OK.
A14: 'Infeasible' paths are part of the basis (the count must equal V(G)) but cannot be run: dead code or correlated decisions (see Note column).
A15: Predicted results come from reading the code; no test run was possible when this file was made. Fill the yellow 'Run result' cells after running.
A16: The comment at the top of VotingControllerBasisPathTests.cs gives V(G) = 12 for CastVote (coarser count); this workbook counts 15 with the rule above.

Sheet Diagram 1 Paths
A1: Diagram 1: independent paths per action (basis set; node numbers as in the diagram, (T)/(F) = decision outcome)
A3: Action | B3: Path | C3: Node sequence | D3: Condition outcomes | E3: Expected result | F3: xUnit method(s) covering the path | G3: Coverage | H3: Predicted result | I3: Run result | J3: Note
A4: Vote (GET) | B4: P1 | C4: 1 → 2(T) → 3 → End | D4: program not found | E4: NotFoundResult (404) | F4: BP-01 VotingControllerBasisPath_Vote.BP_01_Vote_ProgramMissing_IsNotFound | G4: Covered | H4: Pass | I4: Not run
A5: Vote (GET) | B5: P2 | C5: 1 → 2(F) → 4 → 5(T) → 6 → End | D5: program exists but is not open (draft / upcoming / ended) | E5: View 'Closed' with the 'not currently active' message | F5: BP-02 VotingControllerBasisPath_Vote.BP_02_Vote_ProgramEnded_ReturnsClosedView (BVA Extra_Vote_PageIsClosedWhenVotingEndedOneSecondAgo) | G5: Covered | H5: Pass | I5: Not run
A6: Vote (GET) | B6: P3 | C6: 1 → 2(F) → 4 → 5(F) → 7(T) → 8 → 10 → 11(F) → 13 → 14 → End | D6: open program; anonymous visitor | E6: View(program); IsRegisteredVoter = false; RemainingTime > 0 | F6: BP-03 VotingControllerBasisPath_Vote.BP_03_Vote_OpenProgram_Anonymous_ShowsPageWithoutRegistration (+ P3b_Vote_PrincipalWithoutIdentity_IsTreatedAsAnonymous) | G6: Covered | H6: Pass | I6: Not run
A7: Vote (GET) | B7: P4 | C7: 1 → 2(F) → 4 → 5(F) → 7(T) → 8 → 10 → 11(T) → 12 → 14 → End | D7: open program; signed-in user | E7: View(program); IsRegisteredVoter taken from the Voters table | F7: VotingControllerBasisPath_Vote.P4_Vote_OpenProgram_SignedInRegisteredVoter_IsRegistered (+ ECT Extra_Vote_RegisteredFlagFollowsVoterRegistration) | G7: Covered | H7: Pass | I7: Not run
A8: Vote (GET) | B8: P5 | C8: 1 → 2(F) → 4 → 5(F) → 7(F) → 9 → 10 → 11(F) → 13 → 14 → End | D8: open program but EndTime <= now (ternary false branch) | E8: RemainingTime = null | F8: - | G8: Infeasible | H8: n/a | I8: n/a | J8: Dead code: IsOpenAt(now) already requires now < EndTime, so EndTime > now is always true here. Not testable.
A9: PublicResults (GET) | B9: P1 | C9: 1 → 2(T) → 4 → End | D9: program not found | E9: NotFoundResult | F9: BP-04 VotingControllerBasisPath_PublicResults.BP_04_PublicResults_ProgramMissing_IsNotFound | G9: Covered | H9: Pass | I9: Not run
A10: PublicResults (GET) | B10: P2 | C10: 1 → 2(F) → 3(T) → 4 → End | D10: program exists but is unpublished (draft) | E10: NotFoundResult (drafts are hidden) | F10: VotingControllerBasisPath_PublicResults.P2_PublicResults_UnpublishedProgram_IsNotFound (+ ECT Extra_PublicResults_UnpublishedProgram_IsNotFound) | G10: Covered | H10: Pass | I10: Not run
A11: PublicResults (GET) | B11: P3 | C11: 1 → 2(F) → 3(F) → 5 → 6 → 7 → End | D11: published program | E11: View 'PublicResults'; TotalVotes = sum of counts; BlockchainValid set | F11: BP-05 VotingControllerBasisPath_PublicResults.BP_05_PublicResults_PublishedProgram_ReturnsViewWithTotals (+ Extra_PublicResults_TamperedChain_IsReportedAsInvalid) | G11: Covered | H11: Pass | I11: Not run
A12: Search (GET, JSON) | B12: P1 | C12: 1(T) → 2 → End | D12: q is null / empty / whitespace | E12: Json([]) (no database access) | F12: BP-06 VotingControllerBasisPath_Search.BP_06_Search_BlankQuery_ReturnsEmptyArray (+ ECT Extra_Search_BlankQueryClass_ReturnsEmptyArray) | G12: Covered | H12: Pass | I12: Not run
A13: Search (GET, JSON) | B13: P2 | C13: 1(F) → 3 → 4 → 5 → End | D13: q has text | E13: Json(list with the matching published programs, max 8) | F13: BP-07 VotingControllerBasisPath_Search.BP_07_Search_ValidQuery_ReturnsMatchingProgram | G13: Covered | H13: Fail | I13: Not run | J13: Predicted FAIL: OrderByDescending(p => p.IsActive) uses a [NotMapped] property that EF Core cannot translate (defect DV-01).
A14: Join (POST) | B14: P1 | C14: 1 → 2(T) → 3 → End | D14: no NameIdentifier claim | E14: UnauthorizedResult | F14: VotingControllerBasisPath_Join.P1_Join_NoUserId_IsUnauthorized (+ ECT Extra_Join_NoNameIdentifierClaim_IsUnauthorized) | G14: Covered | H14: Pass | I14: Not run
A15: Join (POST) | B15: P2 | C15: 1 → 2(F) → 4 → 5(T) → 6 → End | D15: program not found | E15: NotFoundResult | F15: VotingControllerBasisPath_Join.P2_Join_ProgramMissing_IsNotFound | G15: Covered | H15: Pass | I15: Not run
A16: Join (POST) | B16: P3 | C16: 1 → 2(F) → 4 → 5(F) → 7 → 8(T) → 10 → End | D16: program is unpublished | E16: Redirect(Vote) + 'Registration is closed' | F16: VotingControllerBasisPath_Join.P3_Join_UnpublishedProgram_RegistrationClosed (+ ECT Extra_Join_UnpublishedProgram_RegistrationIsClosed) | G16: Covered | H16: Pass | I16: Not run
A17: Join (POST) | B17: P4 | C17: 1 → 2(F) → 4 → 5(F) → 7 → 8(F) → 9(T) → 10 → End | D17: published but already ended (now >= EndTime) | E17: Redirect(Vote) + 'Registration is closed'; no voter row | F17: BP-08 VotingControllerBasisPath_Join.BP_08_Join_EndedProgram_RegistrationClosed | G17: Covered | H17: Pass | I17: Not run
A18: Join (POST) | B18: P5 | C18: 1 → 2(F) → 4 → 5(F) → 7 → 8(F) → 9(F) → 11 → 12(T) → 13 → End | D18: user is already registered | E18: Redirect(Vote) + 'already registered'; no duplicate row | F18: BP-10 VotingControllerBasisPath_Join.BP_10_Join_AlreadyRegistered_IsRejectedWithoutDuplicate | G18: Covered | H18: Pass | I18: Not run
A19: Join (POST) | B19: P6 | C19: 1 → 2(F) → 4 → 5(F) → 7 → 8(F) → 9(F) → 11 → 12(F) → 14 → 15 → 16(F) → 18 → End | D19: valid join; save succeeds | E19: Voter row (source 'self') created; Redirect(Vote) + success message | F19: BP-09 VotingControllerBasisPath_Join.BP_09_Join_ValidUser_CreatesSelfRegisteredVoter (+ P6b_Join_UserRecordMissing_UsesAnonymousVoterName, ECT Extra_Join_UpcomingProgram_AllowsRegistration) | G19: Covered | H19: Pass | I19: Not run
A20: Join (POST) | B20: P7 | C20: 1 → 2(F) → 4 → 5(F) → 7 → 8(F) → 9(F) → 11 → 12(F) → 14 → 15 → 16(T) → 17 → End | D20: SaveChangesAsync throws DbUpdateException | E20: Redirect(Vote) + 'could not be completed' | F20: VotingControllerBasisPath_Join.P7_Join_DbUpdateException_ShowsFriendlyError | G20: Covered | H20: Pass | I20: Not run

Sheet Diagram 2 Paths
A1: Diagram 2: independent paths per action (basis set; node numbers as in the diagram, (T)/(F) = decision outcome)
A3: Action | B3: Path | C3: Node sequence | D3: Condition outcomes | E3: Expected result | F3: xUnit method(s) covering the path | G3: Coverage | H3: Predicted result | I3: Run result | J3: Note
A4: CastVote (POST) | B4: P1 | C4: 1 → 2(T) → 3 → End | D4: no NameIdentifier claim | E4: UnauthorizedResult | F4: ECT-01 VotingControllerBasisPath_CastVote.P01_CastVote_NoUserId_IsUnauthorized (= VotingControllerEctTests.ECT_01_...) | G4: Covered | H4: Pass | I4: Not run
A5: CastVote (POST) | B5: P2 | C5: 1 → 2(F) → 4 → 5(T) → 6 → End | D5: program not found | E5: NotFoundResult | F5: BP-11 VotingControllerBasisPath_CastVote.BP_11_CastVote_ProgramMissing_IsNotFound | G5: Covered | H5: Pass | I5: Not run
A6: CastVote (POST) | B6: P3 | C6: 1 → 2(F) → 4 → 5(F) → 7 → 8(T) → 9 → End | D6: program not open (draft / upcoming / ended) | E6: Redirect(Vote) + 'no longer active'; no vote stored | F6: VotingControllerBasisPath_CastVote.P03_CastVote_ProgramNotOpen_IsRejected (= ECT-02/03/04, BVA-06, BVA-08) | G6: Covered | H6: Pass | I6: Not run
A7: CastVote (POST) | B7: P4 | C7: 1 → 2(F) → 4 → 5(F) → 7 → 8(F) → 10 → 11(T) → 12 → End | D7: signed-in user is not a registered voter | E7: Redirect(Vote) + 'not registered' | F7: VotingControllerBasisPath_CastVote.P04_CastVote_VoterMissing_IsRejected (= ECT-05) | G7: Covered | H7: Pass | I7: Not run
A8: CastVote (POST) | B8: P5 | C8: 1 → 2(F) → 4 → 5(F) → 7 → 8(F) → 10 → 11(F) → 13(T) → 14 → End | D8: voter.HasVoted = true | E8: Redirect(Vote) + 'already cast' | F8: VotingControllerBasisPath_CastVote.P05_CastVote_AlreadyVoted_IsRejected (= ECT-06; + Extra_CastVote_SecondAttempt_IsRefused) | G8: Covered | H8: Pass | I8: Not run
A9: CastVote (POST) | B9: P6 | C9: 1 → 2(F) → 4 → 5(F) → 7 → 8(F) → 10 → 11(F) → 13(F) → 15 → 16(T) → 17 → End | D9: candidateId not a candidate of the program | E9: Redirect(Vote) + 'Invalid candidate' | F9: VotingControllerBasisPath_CastVote.P06_CastVote_UnknownCandidate_IsRejected (= ECT-07, BVA-09) | G9: Covered | H9: Pass | I9: Not run
A10: CastVote (POST) | B10: P7 | C10: 1 → 2(F) → 4 → 5(F) → 7 → 8(F) → 10 → 11(F) → 13(F) → 15 → 16(F) → 18 → 19(F) → 20(F) → 21 → 22(F) → 24 → End | D10: all checks pass; save + commit succeed; block queued | E10: Vote + HasVoted saved; Redirect(ThankYou); no Warning | F10: BP-12 VotingControllerBasisPath_CastVote.BP_12_CastVote_Success_BlockQueued_NoWarning (= ECT-08, BVA-07) | G10: Covered | H10: Pass | I10: Not run
A11: CastVote (POST) | B11: P8 | C11: 1 → 2(F) → 4 → 5(F) → 7 → 8(F) → 10 → 11(F) → 13(F) → 15 → 16(F) → 18 → 19(F) → 20(F) → 21 → 22(T) → 23 → 24 → End | D11: success but TryEnqueue returns false (queue full) | E11: Vote kept; Warning set; Redirect(ThankYou) | F11: BP-13 VotingControllerBasisPath_CastVote.BP_13_CastVote_Success_QueueFull_ShowsWarning | G11: Covered | H11: Pass | I11: Not run
A12: CastVote (POST) | B12: P9 | C12: 1 → 2(F) → 4 → 5(F) → 7 → 8(F) → 10 → 11(F) → 13(F) → 15 → 16(F) → 18 → 19(T) → 25 → 26(F) → 29(F) → 31(F) → 32(T) → 33 → End | D12: DbUpdateException, inner is not Npgsql, message contains 'unique constraint' | E12: Redirect(Vote) + 'already cast' | F12: VotingControllerBasisPath_CastVote.P09_CastVote_UniqueViolationMessage_ShowsAlreadyVoted (+ P09b_CastVote_RealUniqueIndex_RejectsSecondVote) | G12: Covered | H12: Pass | I12: Not run
A13: CastVote (POST) | B13: P10 | C13: 1 → 2(F) → 4 → 5(F) → 7 → 8(F) → 10 → 11(F) → 13(F) → 15 → 16(F) → 18 → 19(T) → 25 → 26(F) → 29(F) → 31(F) → 32(F) → 34 → End | D13: DbUpdateException, inner is not Npgsql, other message | E13: Redirect(Vote) + 'An error occurred' | F13: VotingControllerBasisPath_CastVote.P10_CastVote_GenericDbUpdateException_ShowsGenericError | G13: Covered | H13: Pass | I13: Not run
A14: CastVote (POST) | B14: P11 | C14: 1 → 2(F) → 4 → 5(F) → 7 → 8(F) → 10 → 11(F) → 13(F) → 15 → 16(F) → 18 → 19(F) → 20(T) → 35 → End | D14: any other exception inside the try | E14: Redirect(Vote) + 'An error occurred' | F14: VotingControllerBasisPath_CastVote.P11_CastVote_UnexpectedException_ShowsGenericError | G14: Covered | H14: Pass | I14: Not run
A15: CastVote (POST) | B15: P12 | C15: 1 → 2(F) → 4 → 5(F) → 7 → 8(F) → 10 → 11(F) → 13(F) → 15 → 16(F) → 18 → 19(T) → 25 → 26(T) → 27(T) → 28 → 29(F) → 31(T) → 33 → End | D15: DbUpdateException with PostgresException SqlState 23505 | E15: Redirect(Vote) + 'already cast' | F15: VotingControllerNpgsqlTests.P12_CastVote_PostgresUniqueViolation_ShowsAlreadyVoted | G15: Covered | H15: Pass | I15: Not run | J15: Needs Npgsql.PostgresException(...) constructor of the installed Npgsql version; delete that file if it does not compile.
A16: CastVote (POST) | B16: P13 | C16: 1 → 2(F) → 4 → 5(F) → 7 → 8(F) → 10 → 11(F) → 13(F) → 15 → 16(F) → 18 → 19(T) → 25 → 26(T) → 27(F) → 29(F) → 31(F) → 32(F) → 34 → End | D16: DbUpdateException with PostgresException SqlState 40001 (serialization failure) | E16: Redirect(Vote) + 'An error occurred' (no retry, defect DV-10) | F16: VotingControllerNpgsqlTests.P13_CastVote_PostgresSerializationFailure_ShowsGenericError | G16: Covered | H16: Pass | I16: Not run | J16: Feasible combination outside the basis set: Postgres exception, SqlState <> 23505 but message contains 'unique constraint' -> 'already cast'. No test.
A17: CastVote (POST) | B17: P14 | C17: 1 → 2(F) → 4 → 5(F) → 7 → 8(F) → 10 → 11(F) → 13(F) → 15 → 16(F) → 18 → 19(T) → 25 → 26(F) → 29(T) → 30 → 31(F) → 32(F) → 34 → End | D17: the Postgres check throws and the empty catch swallows it | E17: Falls through to the generic error | F17: - | G17: Infeasible | H17: n/a | I17: n/a | J17: `is` and string comparison cannot throw, so catch { } is unreachable (dead code).
A18: CastVote (POST) | B18: P15 | C18: 1 → 2(F) → 4 → 5(F) → 7 → 8(F) → 10 → 11(F) → 13(F) → 15 → 16(F) → 18 → 19(T) → 25 → 26(T) → 27(T) → 28 → 29(F) → 31(F) → 32(F) → 34 → End | D18: uniqueViolation was set to true but is later read as false | E18: Generic error | F18: - | G18: Infeasible | H18: n/a | I18: n/a | J18: Correlated decisions: node 28 sets uniqueViolation = true, so node 31 cannot then be false.

Sheet Node Legend
A1: Node legend: what each numbered node in the diagrams is
A3: Diagram | B3: Action | C3: Node | D3: Type | E3: Source lines | F3: Statement or decision
A4: 1 | B4: Vote (GET) | C4: 1 | D4: Process | E4: 27 | F4: program = GetProgramWithCandidatesAsync(id)
A5: 1 | B5: Vote (GET) | C5: 2 | D5: Decision | E5: 28 | F5: program == null?
A6: 1 | B6: Vote (GET) | C6: 3 | D6: Return (error / rejected) | E6: 28 | F6: return NotFound()
A7: 1 | B7: Vote (GET) | C7: 4 | D7: Process | E7: 30-34 | F7: now = UtcNow; set ViewBag Start/End/NowUtc
A8: 1 | B8: Vote (GET) | C8: 5 | D8: Decision | E8: 36 | F8: !program.IsOpenAt(now)?
A9: 1 | B9: Vote (GET) | C9: 6 | D9: Return (error / rejected) | E9: 38-39 | F9: ViewBag.Message = 'not currently active'; return View('Closed', program)
A10: 1 | B10: Vote (GET) | C10: 7 | D10: Decision | E10: 42 | F10: program.EndTime > now? (ternary)
A11: 1 | B11: Vote (GET) | C11: 8 | D11: Process | E11: 42 | F11: RemainingTime = EndTime - now
A12: 1 | B12: Vote (GET) | C12: 9 | D12: Process | E12: 42 | F12: RemainingTime = null
A13: 1 | B13: Vote (GET) | C13: 10 | D13: Process | E13: 43-44 | F13: ViewBag.Candidates (sorted by name); ViewBag.Program
A14: 1 | B14: Vote (GET) | C14: 11 | D14: Decision | E14: 46 | F14: User.Identity?.IsAuthenticated == true?
A15: 1 | B15: Vote (GET) | C15: 12 | D15: Process | E15: 48-50 | F15: userId = NameIdentifier; IsRegisteredVoter = Voters.AnyAsync(...)
... A82: 2 | B82: CastVote (POST) | C82: 35 | D82: Return (error / rejected) | E82: 273-274 | F82: catch(Exception): TempData[Error] = 'An error occurred'; Redirect(Vote)

Sheet Diagram 1
A1: Diagram 1: control-flow graph (green T = condition true, red F = condition false)

Sheet Diagram 2
A1: Diagram 2: control-flow graph (green T = condition true, red F = condition false)
